{
	"info": {
		"_postman_id": "b3de8a52-41db-4aca-bb37-6f570e550bb7",
		"name": "OAuth2 With Spring",
		"schema": "https://schema.getpostman.com/json/collection/v2.1.0/collection.json",
		"_exporter_id": "710567"
	},
	"item": [
		{
			"name": "Token with Basic Auth",
			"request": {
				"auth": {
					"type": "basic",
					"basic": [
						{
							"key": "password",
							"value": "secret",
							"type": "string"
						},
						{
							"key": "username",
							"value": "client",
							"type": "string"
						}
					]
				},
				"method": "POST",
				"header": [],
				"body": {
					"mode": "urlencoded",
					"urlencoded": [
						{
							"key": "grant_type",
							"value": "client_credentials",
							"type": "text"
						}
					]
				},
				"url": {
					"raw": "localhost:8080/oauth2/token",
					"host": [
						"localhost"
					],
					"port": "8080",
					"path": [
						"oauth2",
						"token"
					]
				}
			},
			"response": []
		}
	]
}